"","wavenumber","intensity","sample_name","group"
"6252482",300,0,5189,5189
"6252690",301,0,5189,5189
"6252898",302.1,0,5189,5189
"6253106",303.1,0,5189,5189
"6253314",304.1,0,5189,5189
"6253522",305.1,0,5189,5189
"6253730",306.2,0,5189,5189
"6253938",307.2,0,5189,5189
"6254146",308.2,0,5189,5189
"6254354",309.2,0,5189,5189
"6254562",310.3,0,5189,5189
"6254770",311.3,0.001,5189,5189
"6254978",312.3,0,5189,5189
"6255186",313.3,0.001,5189,5189
"6255394",314.4,0,5189,5189
"6255602",315.4,0,5189,5189
"6255810",316.4,0.001,5189,5189
"6256018",317.4,0.001,5189,5189
"6256226",318.5,0.001,5189,5189
"6256434",319.5,0.001,5189,5189
"6256642",320.5,0.001,5189,5189
"6256850",321.5,0.001,5189,5189
"6257058",322.6,0.001,5189,5189
"6257266",323.6,0,5189,5189
"6257474",324.6,0,5189,5189
"6257682",325.6,0.001,5189,5189
"6257890",326.7,0,5189,5189
"6258098",327.7,0.001,5189,5189
"6258306",328.7,0.001,5189,5189
"6258514",329.8,0.001,5189,5189
"6258722",330.8,0.001,5189,5189
"6258930",331.8,0.001,5189,5189
"6259138",332.8,0.001,5189,5189
"6259346",333.9,0.001,5189,5189
"6259554",334.9,0.001,5189,5189
"6259762",335.9,0.001,5189,5189
"6259970",336.9,0.001,5189,5189
"6260178",338,0.001,5189,5189
"6260386",339,0.001,5189,5189
"6260594",340,0.001,5189,5189
"6260802",341,0.001,5189,5189
"6261010",342.1,0.001,5189,5189
"6261218",343.1,0.001,5189,5189
"6261426",344.1,0.001,5189,5189
"6261634",345.1,0.001,5189,5189
"6261842",346.2,0.001,5189,5189
"6262050",347.2,0.001,5189,5189
"6262258",348.2,0.001,5189,5189
"6262466",349.2,0.002,5189,5189
"6262674",350.3,0.002,5189,5189
"6262882",351.3,0.002,5189,5189
"6263090",352.3,0.002,5189,5189
"6263298",353.3,0.002,5189,5189
"6263506",354.4,0.001,5189,5189
"6263714",355.4,0.001,5189,5189
"6263922",356.4,0.001,5189,5189
"6264130",357.4,0.001,5189,5189
"6264338",358.5,0.001,5189,5189
"6264546",359.5,0.001,5189,5189
"6264754",360.5,0.001,5189,5189
"6264962",361.6,0.001,5189,5189
"6265170",362.6,0.001,5189,5189
"6265378",363.6,0.001,5189,5189
"6265586",364.6,0.001,5189,5189
"6265794",365.7,0.001,5189,5189
"6266002",366.7,0.002,5189,5189
"6266210",367.7,0.001,5189,5189
"6266418",368.7,0.001,5189,5189
"6266626",369.8,0.001,5189,5189
"6266834",370.8,0.001,5189,5189
"6267042",371.8,0.001,5189,5189
"6267250",372.8,0.001,5189,5189
"6267458",373.9,0.001,5189,5189
"6267666",374.9,0.001,5189,5189
"6267874",375.9,0.001,5189,5189
"6268082",376.9,0.001,5189,5189
"6268290",378,0.001,5189,5189
"6268498",379,0,5189,5189
"6268706",380,0,5189,5189
"6268914",381,0.001,5189,5189
"6269122",382.1,0.001,5189,5189
"6269330",383.1,0.001,5189,5189
"6269538",384.1,0.001,5189,5189
"6269746",385.1,0,5189,5189
"6269954",386.2,0.001,5189,5189
"6270162",387.2,0,5189,5189
"6270370",388.2,0.001,5189,5189
"6270578",389.3,0.001,5189,5189
"6270786",390.3,0.001,5189,5189
"6270994",391.3,0.001,5189,5189
"6271202",392.3,0.001,5189,5189
"6271410",393.4,0.001,5189,5189
"6271618",394.4,0.001,5189,5189
"6271826",395.4,0.001,5189,5189
"6272034",396.4,0.001,5189,5189
"6272242",397.5,0.001,5189,5189
"6272450",398.5,0.001,5189,5189
"6272658",399.5,0.001,5189,5189
"6272866",400.5,0.001,5189,5189
"6273074",401.6,0.001,5189,5189
"6273282",402.6,0.001,5189,5189
"6273490",403.6,0.001,5189,5189
"6273698",404.6,0.001,5189,5189
"6273906",405.7,0,5189,5189
"6274114",406.7,0,5189,5189
"6274322",407.7,0.001,5189,5189
"6274530",408.7,0.001,5189,5189
"6274738",409.8,0.001,5189,5189
"6274946",410.8,0.001,5189,5189
"6275154",411.8,0.001,5189,5189
"6275362",412.8,0.001,5189,5189
"6275570",413.9,0.001,5189,5189
"6275778",414.9,0.001,5189,5189
"6275986",415.9,0.001,5189,5189
"6276194",417,0.001,5189,5189
"6276402",418,0.001,5189,5189
"6276610",419,0.001,5189,5189
"6276818",420,0.001,5189,5189
"6277026",421.1,0.001,5189,5189
"6277234",422.1,0.001,5189,5189
"6277442",423.1,0.001,5189,5189
"6277650",424.1,0.001,5189,5189
"6277858",425.2,0.001,5189,5189
"6278066",426.2,0.001,5189,5189
"6278274",427.2,0.001,5189,5189
"6278482",428.2,0.001,5189,5189
"6278690",429.3,0.001,5189,5189
"6278898",430.3,0.001,5189,5189
"6279106",431.3,0.001,5189,5189
"6279314",432.3,0.001,5189,5189
"6279522",433.4,0.001,5189,5189
"6279730",434.4,0.001,5189,5189
"6279938",435.4,0.001,5189,5189
"6280146",436.4,0.001,5189,5189
"6280354",437.5,0.001,5189,5189
"6280562",438.5,0.001,5189,5189
"6280770",439.5,0.001,5189,5189
"6280978",440.5,0.001,5189,5189
"6281186",441.6,0.001,5189,5189
"6281394",442.6,0.001,5189,5189
"6281602",443.6,0.001,5189,5189
"6281810",444.7,0.001,5189,5189
"6282018",445.7,0.001,5189,5189
"6282226",446.7,0.001,5189,5189
"6282434",447.7,0.001,5189,5189
"6282642",448.8,0.001,5189,5189
"6282850",449.8,0.001,5189,5189
"6283058",450.8,0.001,5189,5189
"6283266",451.8,0.002,5189,5189
"6283474",452.9,0.001,5189,5189
"6283682",453.9,0.002,5189,5189
"6283890",454.9,0.002,5189,5189
"6284098",455.9,0.002,5189,5189
"6284306",457,0.001,5189,5189
"6284514",458,0.001,5189,5189
"6284722",459,0.001,5189,5189
"6284930",460,0.001,5189,5189
"6285138",461.1,0.001,5189,5189
"6285346",462.1,0.001,5189,5189
"6285554",463.1,0.001,5189,5189
"6285762",464.1,0.001,5189,5189
"6285970",465.2,0.001,5189,5189
"6286178",466.2,0.002,5189,5189
"6286386",467.2,0.002,5189,5189
"6286594",468.2,0.001,5189,5189
"6286802",469.3,0.001,5189,5189
"6287010",470.3,0.001,5189,5189
"6287218",471.3,0.001,5189,5189
"6287426",472.3,0.002,5189,5189
"6287634",473.4,0.002,5189,5189
"6287842",474.4,0.002,5189,5189
"6288050",475.4,0.001,5189,5189
"6288258",476.5,0.001,5189,5189
"6288466",477.5,0.001,5189,5189
"6288674",478.5,0.001,5189,5189
"6288882",479.5,0.001,5189,5189
"6289090",480.6,0.001,5189,5189
"6289298",481.6,0.001,5189,5189
"6289506",482.6,0.002,5189,5189
"6289714",483.6,0.001,5189,5189
"6289922",484.7,0.001,5189,5189
"6290130",485.7,0.002,5189,5189
"6290338",486.7,0.001,5189,5189
"6290546",487.7,0.001,5189,5189
"6290754",488.8,0.001,5189,5189
"6290962",489.8,0.001,5189,5189
"6291170",490.8,0.001,5189,5189
"6291378",491.8,0.001,5189,5189
"6291586",492.9,0.002,5189,5189
"6291794",493.9,0.001,5189,5189
"6292002",494.9,0.001,5189,5189
"6292210",495.9,0.001,5189,5189
"6292418",497,0.002,5189,5189
"6292626",498,0.001,5189,5189
"6292834",499,0.001,5189,5189
"6293042",500,0.001,5189,5189
"6293250",501.1,0.001,5189,5189
"6293458",502.1,0.001,5189,5189
"6293666",503.1,0.001,5189,5189
"6293874",504.2,0.001,5189,5189
"6294082",505.2,0.001,5189,5189
"6294290",506.2,0.001,5189,5189
"6294498",507.2,0.001,5189,5189
"6294706",508.3,0.001,5189,5189
"6294914",509.3,0.001,5189,5189
"6295122",510.3,0.001,5189,5189
"6295330",511.3,0.001,5189,5189
"6295538",512.4,0.001,5189,5189
"6295746",513.4,0.001,5189,5189
"6295954",514.4,0.001,5189,5189
"6296162",515.4,0,5189,5189
"6296370",516.5,0.001,5189,5189
"6296578",517.5,0.001,5189,5189
"6296786",518.5,0.001,5189,5189
"6296994",519.5,0.001,5189,5189
"6297202",520.6,0.001,5189,5189
"6297410",521.6,0.001,5189,5189
"6297618",522.6,0.001,5189,5189
"6297826",523.6,0.001,5189,5189
"6298034",524.7,0.002,5189,5189
"6298242",525.7,0.002,5189,5189
"6298450",526.7,0.002,5189,5189
"6298658",527.7,0.001,5189,5189
"6298866",528.8,0.001,5189,5189
"6299074",529.8,0.001,5189,5189
"6299282",530.8,0.001,5189,5189
"6299490",531.9,0.001,5189,5189
"6299698",532.9,0.001,5189,5189
"6299906",533.9,0.001,5189,5189
"6300114",534.9,0.001,5189,5189
"6300322",536,0.001,5189,5189
"6300530",537,0.001,5189,5189
"6300738",538,0.001,5189,5189
"6300946",539,0.001,5189,5189
"6301154",540.1,0.001,5189,5189
"6301362",541.1,0.001,5189,5189
"6301570",542.1,0.001,5189,5189
"6301778",543.1,0.001,5189,5189
"6301986",544.2,0.001,5189,5189
"6302194",545.2,0.001,5189,5189
"6302402",546.2,0,5189,5189
"6302610",547.2,0,5189,5189
"6302818",548.3,0.001,5189,5189
"6303026",549.3,0.001,5189,5189
"6303234",550.3,0.001,5189,5189
"6303442",551.3,0.001,5189,5189
"6303650",552.4,0.001,5189,5189
"6303858",553.4,0.002,5189,5189
"6304066",554.4,0.002,5189,5189
"6304274",555.4,0.003,5189,5189
"6304482",556.5,0.002,5189,5189
"6304690",557.5,0.002,5189,5189
"6304898",558.5,0.001,5189,5189
"6305106",559.6,0.002,5189,5189
"6305314",560.6,0.002,5189,5189
"6305522",561.6,0.004,5189,5189
"6305730",562.6,0.004,5189,5189
"6305938",563.7,0.004,5189,5189
"6306146",564.7,0.005,5189,5189
"6306354",565.7,0.005,5189,5189
"6306562",566.7,0.005,5189,5189
"6306770",567.8,0.002,5189,5189
"6306978",568.8,0.003,5189,5189
"6307186",569.8,0.002,5189,5189
"6307394",570.8,0.003,5189,5189
"6307602",571.9,0.003,5189,5189
"6307810",572.9,0.001,5189,5189
"6308018",573.9,0.001,5189,5189
"6308226",574.9,0.001,5189,5189
"6308434",576,0.001,5189,5189
"6308642",577,0,5189,5189
"6308850",578,0,5189,5189
"6309058",579,0.001,5189,5189
"6309266",580.1,0.002,5189,5189
"6309474",581.1,0.002,5189,5189
"6309682",582.1,0.002,5189,5189
"6309890",583.1,0.002,5189,5189
"6310098",584.2,0.004,5189,5189
"6310306",585.2,0.004,5189,5189
"6310514",586.2,0.001,5189,5189
"6310722",587.2,0,5189,5189
"6310930",588.3,0,5189,5189
"6311138",589.3,0.001,5189,5189
"6311346",590.3,0.003,5189,5189
"6311554",591.4,0.002,5189,5189
"6311762",592.4,0.005,5189,5189
"6311970",593.4,0.004,5189,5189
"6312178",594.4,0.004,5189,5189
"6312386",595.5,0.003,5189,5189
"6312594",596.5,0.003,5189,5189
"6312802",597.5,0.003,5189,5189
"6313010",598.5,0.005,5189,5189
"6313218",599.6,0.003,5189,5189
"6313426",600.6,0.001,5189,5189
"6313634",601.6,0.002,5189,5189
"6313842",602.6,0.002,5189,5189
"6314050",603.7,0.002,5189,5189
"6314258",604.7,0.001,5189,5189
"6314466",605.7,0.001,5189,5189
"6314674",606.7,0,5189,5189
"6314882",607.8,0.001,5189,5189
"6315090",608.8,0.004,5189,5189
"6315298",609.8,0.005,5189,5189
"6315506",610.8,0.005,5189,5189
"6315714",611.9,0.005,5189,5189
"6315922",612.9,0.005,5189,5189
"6316130",613.9,0.003,5189,5189
"6316338",614.9,0.004,5189,5189
"6316546",616,0.003,5189,5189
"6316754",617,0.002,5189,5189
"6316962",618,0.003,5189,5189
"6317170",619.1,0.003,5189,5189
"6317378",620.1,0.006,5189,5189
"6317586",621.1,0.005,5189,5189
"6317794",622.1,0.003,5189,5189
"6318002",623.2,0.004,5189,5189
"6318210",624.2,0.003,5189,5189
"6318418",625.2,0.002,5189,5189
"6318626",626.2,0.002,5189,5189
"6318834",627.3,0.002,5189,5189
"6319042",628.3,0,5189,5189
"6319250",629.3,0.001,5189,5189
"6319458",630.3,0.001,5189,5189
"6319666",631.4,0.001,5189,5189
"6319874",632.4,0.001,5189,5189
"6320082",633.4,0.001,5189,5189
"6320290",634.4,0.001,5189,5189
"6320498",635.5,0,5189,5189
"6320706",636.5,0,5189,5189
"6320914",637.5,0.001,5189,5189
"6321122",638.5,0.002,5189,5189
"6321330",639.6,0.002,5189,5189
"6321538",640.6,0.003,5189,5189
"6321746",641.6,0.005,5189,5189
"6321954",642.6,0.003,5189,5189
"6322162",643.7,0.003,5189,5189
"6322370",644.7,0.003,5189,5189
"6322578",645.7,0.003,5189,5189
"6322786",646.8,0.004,5189,5189
"6322994",647.8,0.006,5189,5189
"6323202",648.8,0.002,5189,5189
"6323410",649.8,0.005,5189,5189
"6323618",650.9,0.005,5189,5189
"6323826",651.9,0.002,5189,5189
"6324034",652.9,0.002,5189,5189
"6324242",653.9,0,5189,5189
"6324450",655,0,5189,5189
"6324658",656,0.001,5189,5189
"6324866",657,0.004,5189,5189
"6325074",658,0.002,5189,5189
"6325282",659.1,0.002,5189,5189
"6325490",660.1,0.002,5189,5189
"6325698",661.1,0.001,5189,5189
"6325906",662.1,0.003,5189,5189
"6326114",663.2,0.003,5189,5189
"6326322",664.2,0.001,5189,5189
"6326530",665.2,0,5189,5189
"6326738",666.2,0.001,5189,5189
"6326946",667.3,0.001,5189,5189
"6327154",668.3,0.001,5189,5189
"6327362",669.3,0.001,5189,5189
"6327570",670.3,0.001,5189,5189
"6327778",671.4,0.001,5189,5189
"6327986",672.4,0.003,5189,5189
"6328194",673.4,0.001,5189,5189
"6328402",674.5,0,5189,5189
"6328610",675.5,0.003,5189,5189
"6328818",676.5,0.004,5189,5189
"6329026",677.5,0.004,5189,5189
"6329234",678.6,0.005,5189,5189
"6329442",679.6,0.005,5189,5189
"6329650",680.6,0.005,5189,5189
"6329858",681.6,0.005,5189,5189
"6330066",682.7,0.003,5189,5189
"6330274",683.7,0.002,5189,5189
"6330482",684.7,0,5189,5189
"6330690",685.7,0,5189,5189
"6330898",686.8,0,5189,5189
"6331106",687.8,0,5189,5189
"6331314",688.8,0,5189,5189
"6331522",689.8,0,5189,5189
"6331730",690.9,0,5189,5189
"6331938",691.9,0,5189,5189
"6332146",692.9,0.001,5189,5189
"6332354",693.9,0.002,5189,5189
"6332562",695,0.003,5189,5189
"6332770",696,0.003,5189,5189
"6332978",697,0.003,5189,5189
"6333186",698,0.002,5189,5189
"6333394",699.1,0.002,5189,5189
"6333602",700.1,0.002,5189,5189
"6333810",701.1,0.002,5189,5189
"6334018",702.1,0.002,5189,5189
"6334226",703.2,0.001,5189,5189
"6334434",704.2,0.001,5189,5189
"6334642",705.2,0.002,5189,5189
"6334850",706.3,0.001,5189,5189
"6335058",707.3,0.001,5189,5189
"6335266",708.3,0.001,5189,5189
"6335474",709.3,0.001,5189,5189
"6335682",710.4,0.001,5189,5189
"6335890",711.4,0.001,5189,5189
"6336098",712.4,0.001,5189,5189
"6336306",713.4,0.001,5189,5189
"6336514",714.5,0.001,5189,5189
"6336722",715.5,0.001,5189,5189
"6336930",716.5,0.001,5189,5189
"6337138",717.5,0.002,5189,5189
"6337346",718.6,0.003,5189,5189
"6337554",719.6,0.004,5189,5189
"6337762",720.6,0.005,5189,5189
"6337970",721.6,0.004,5189,5189
"6338178",722.7,0.004,5189,5189
"6338386",723.7,0.005,5189,5189
"6338594",724.7,0.005,5189,5189
"6338802",725.7,0.005,5189,5189
"6339010",726.8,0.004,5189,5189
"6339218",727.8,0.003,5189,5189
"6339426",728.8,0.003,5189,5189
"6339634",729.8,0.002,5189,5189
"6339842",730.9,0.002,5189,5189
"6340050",731.9,0.002,5189,5189
"6340258",732.9,0.001,5189,5189
"6340466",734,0.001,5189,5189
"6340674",735,0.001,5189,5189
"6340882",736,0,5189,5189
"6341090",737,0,5189,5189
"6341298",738.1,0.001,5189,5189
"6341506",739.1,0.001,5189,5189
"6341714",740.1,0.001,5189,5189
"6341922",741.1,0,5189,5189
"6342130",742.2,0,5189,5189
"6342338",743.2,0,5189,5189
"6342546",744.2,0.001,5189,5189
"6342754",745.2,0.001,5189,5189
"6342962",746.3,0.001,5189,5189
"6343170",747.3,0.001,5189,5189
"6343378",748.3,0.001,5189,5189
"6343586",749.3,0.001,5189,5189
"6343794",750.4,0.001,5189,5189
"6344002",751.4,0.001,5189,5189
"6344210",752.4,0.001,5189,5189
"6344418",753.4,0.001,5189,5189
"6344626",754.5,0.001,5189,5189
"6344834",755.5,0.001,5189,5189
"6345042",756.5,0.001,5189,5189
"6345250",757.5,0.001,5189,5189
"6345458",758.6,0.001,5189,5189
"6345666",759.6,0.001,5189,5189
"6345874",760.6,0.001,5189,5189
"6346082",761.7,0.001,5189,5189
"6346290",762.7,0.001,5189,5189
"6346498",763.7,0.001,5189,5189
"6346706",764.7,0.001,5189,5189
"6346914",765.8,0.001,5189,5189
"6347122",766.8,0.001,5189,5189
"6347330",767.8,0.001,5189,5189
"6347538",768.8,0.001,5189,5189
"6347746",769.9,0.001,5189,5189
"6347954",770.9,0.001,5189,5189
"6348162",771.9,0.001,5189,5189
"6348370",772.9,0.001,5189,5189
"6348578",774,0.001,5189,5189
"6348786",775,0.001,5189,5189
"6348994",776,0.001,5189,5189
"6349202",777,0.002,5189,5189
"6349410",778.1,0.002,5189,5189
"6349618",779.1,0.001,5189,5189
"6349826",780.1,0.002,5189,5189
"6350034",781.1,0.002,5189,5189
"6350242",782.2,0.002,5189,5189
"6350450",783.2,0.001,5189,5189
"6350658",784.2,0.001,5189,5189
"6350866",785.2,0.001,5189,5189
"6351074",786.3,0.001,5189,5189
"6351282",787.3,0.001,5189,5189
"6351490",788.3,0,5189,5189
"6351698",789.4,0,5189,5189
"6351906",790.4,0,5189,5189
"6352114",791.4,0.001,5189,5189
"6352322",792.4,0.001,5189,5189
"6352530",793.5,0.001,5189,5189
"6352738",794.5,0.001,5189,5189
"6352946",795.5,0.001,5189,5189
"6353154",796.5,0.001,5189,5189
"6353362",797.6,0.001,5189,5189
"6353570",798.6,0.001,5189,5189
"6353778",799.6,0.001,5189,5189
"6353986",800.6,0.001,5189,5189
"6354194",801.7,0.001,5189,5189
"6354402",802.7,0.001,5189,5189
"6354610",803.7,0.001,5189,5189
"6354818",804.7,0.001,5189,5189
"6355026",805.8,0,5189,5189
"6355234",806.8,0,5189,5189
"6355442",807.8,0,5189,5189
"6355650",808.8,0.001,5189,5189
"6355858",809.9,0.001,5189,5189
"6356066",810.9,0.001,5189,5189
"6356274",811.9,0.001,5189,5189
"6356482",812.9,0.001,5189,5189
"6356690",814,0.001,5189,5189
"6356898",815,0.001,5189,5189
"6357106",816,0.001,5189,5189
"6357314",817,0.001,5189,5189
"6357522",818.1,0.001,5189,5189
"6357730",819.1,0.001,5189,5189
"6357938",820.1,0.001,5189,5189
"6358146",821.2,0.001,5189,5189
"6358354",822.2,0.001,5189,5189
"6358562",823.2,0.001,5189,5189
"6358770",824.2,0.002,5189,5189
"6358978",825.3,0.002,5189,5189
"6359186",826.3,0.002,5189,5189
"6359394",827.3,0.002,5189,5189
"6359602",828.3,0.001,5189,5189
"6359810",829.4,0.001,5189,5189
"6360018",830.4,0.001,5189,5189
"6360226",831.4,0.001,5189,5189
"6360434",832.4,0.001,5189,5189
"6360642",833.5,0.001,5189,5189
"6360850",834.5,0.001,5189,5189
"6361058",835.5,0.002,5189,5189
"6361266",836.5,0.002,5189,5189
"6361474",837.6,0.002,5189,5189
"6361682",838.6,0.002,5189,5189
"6361890",839.6,0.001,5189,5189
"6362098",840.6,0.001,5189,5189
"6362306",841.7,0.002,5189,5189
"6362514",842.7,0.002,5189,5189
"6362722",843.7,0.003,5189,5189
"6362930",844.7,0.003,5189,5189
"6363138",845.8,0.003,5189,5189
"6363346",846.8,0.003,5189,5189
"6363554",847.8,0.004,5189,5189
"6363762",848.9,0.004,5189,5189
"6363970",849.9,0.004,5189,5189
"6364178",850.9,0.003,5189,5189
"6364386",851.9,0.004,5189,5189
"6364594",853,0.004,5189,5189
"6364802",854,0.005,5189,5189
"6365010",855,0.005,5189,5189
"6365218",856,0.005,5189,5189
"6365426",857.1,0.005,5189,5189
"6365634",858.1,0.006,5189,5189
"6365842",859.1,0.006,5189,5189
"6366050",860.1,0.006,5189,5189
"6366258",861.2,0.007,5189,5189
"6366466",862.2,0.007,5189,5189
"6366674",863.2,0.008,5189,5189
"6366882",864.2,0.008,5189,5189
"6367090",865.3,0.009,5189,5189
"6367298",866.3,0.009,5189,5189
"6367506",867.3,0.01,5189,5189
"6367714",868.3,0.011,5189,5189
"6367922",869.4,0.011,5189,5189
"6368130",870.4,0.012,5189,5189
"6368338",871.4,0.012,5189,5189
"6368546",872.4,0.013,5189,5189
"6368754",873.5,0.013,5189,5189
"6368962",874.5,0.013,5189,5189
"6369170",875.5,0.014,5189,5189
"6369378",876.6,0.014,5189,5189
"6369586",877.6,0.013,5189,5189
"6369794",878.6,0.013,5189,5189
"6370002",879.6,0.013,5189,5189
"6370210",880.7,0.013,5189,5189
"6370418",881.7,0.013,5189,5189
"6370626",882.7,0.014,5189,5189
"6370834",883.7,0.015,5189,5189
"6371042",884.8,0.017,5189,5189
"6371250",885.8,0.019,5189,5189
"6371458",886.8,0.021,5189,5189
"6371666",887.8,0.024,5189,5189
"6371874",888.9,0.025,5189,5189
"6372082",889.9,0.027,5189,5189
"6372290",890.9,0.027,5189,5189
"6372498",891.9,0.027,5189,5189
"6372706",893,0.027,5189,5189
"6372914",894,0.026,5189,5189
"6373122",895,0.025,5189,5189
"6373330",896,0.023,5189,5189
"6373538",897.1,0.021,5189,5189
"6373746",898.1,0.018,5189,5189
"6373954",899.1,0.016,5189,5189
"6374162",900.1,0.014,5189,5189
"6374370",901.2,0.012,5189,5189
"6374578",902.2,0.01,5189,5189
"6374786",903.2,0.008,5189,5189
"6374994",904.3,0.007,5189,5189
"6375202",905.3,0.006,5189,5189
"6375410",906.3,0.005,5189,5189
"6375618",907.3,0.004,5189,5189
"6375826",908.4,0.004,5189,5189
"6376034",909.4,0.004,5189,5189
"6376242",910.4,0.003,5189,5189
"6376450",911.4,0.003,5189,5189
"6376658",912.5,0.002,5189,5189
"6376866",913.5,0.002,5189,5189
"6377074",914.5,0.002,5189,5189
"6377282",915.5,0.002,5189,5189
"6377490",916.6,0.002,5189,5189
"6377698",917.6,0.001,5189,5189
"6377906",918.6,0.004,5189,5189
"6378114",919.6,0.006,5189,5189
"6378322",920.7,0.006,5189,5189
"6378530",921.7,0.006,5189,5189
"6378738",922.7,0.004,5189,5189
"6378946",923.7,0.001,5189,5189
"6379154",924.8,0.001,5189,5189
"6379362",925.8,0.002,5189,5189
"6379570",926.8,0.002,5189,5189
"6379778",927.8,0.002,5189,5189
"6379986",928.9,0.002,5189,5189
"6380194",929.9,0.002,5189,5189
"6380402",930.9,0.002,5189,5189
"6380610",931.9,0.002,5189,5189
"6380818",933,0.002,5189,5189
"6381026",934,0.001,5189,5189
"6381234",935,0.001,5189,5189
"6381442",936.1,0.001,5189,5189
"6381650",937.1,0.001,5189,5189
"6381858",938.1,0.001,5189,5189
"6382066",939.1,0.001,5189,5189
"6382274",940.2,0.002,5189,5189
"6382482",941.2,0.002,5189,5189
"6382690",942.2,0.001,5189,5189
"6382898",943.2,0.002,5189,5189
"6383106",944.3,0.001,5189,5189
"6383314",945.3,0.002,5189,5189
"6383522",946.3,0.001,5189,5189
"6383730",947.3,0.001,5189,5189
"6383938",948.4,0.001,5189,5189
"6384146",949.4,0.001,5189,5189
"6384354",950.4,0.001,5189,5189
"6384562",951.4,0.001,5189,5189
"6384770",952.5,0.001,5189,5189
"6384978",953.5,0.001,5189,5189
"6385186",954.5,0.001,5189,5189
"6385394",955.5,0.001,5189,5189
"6385602",956.6,0.001,5189,5189
"6385810",957.6,0.001,5189,5189
"6386018",958.6,0.001,5189,5189
"6386226",959.6,0.001,5189,5189
"6386434",960.7,0.001,5189,5189
"6386642",961.7,0.002,5189,5189
"6386850",962.7,0.002,5189,5189
"6387058",963.8,0.002,5189,5189
"6387266",964.8,0.001,5189,5189
"6387474",965.8,0.001,5189,5189
"6387682",966.8,0.001,5189,5189
"6387890",967.9,0.001,5189,5189
"6388098",968.9,0.001,5189,5189
"6388306",969.9,0.001,5189,5189
"6388514",970.9,0.001,5189,5189
"6388722",972,0.001,5189,5189
"6388930",973,0.002,5189,5189
"6389138",974,0.002,5189,5189
"6389346",975,0.001,5189,5189
"6389554",976.1,0.001,5189,5189
"6389762",977.1,0.001,5189,5189
"6389970",978.1,0.001,5189,5189
"6390178",979.1,0.001,5189,5189
"6390386",980.2,0.001,5189,5189
"6390594",981.2,0,5189,5189
"6390802",982.2,0.001,5189,5189
"6391010",983.2,0.001,5189,5189
"6391218",984.3,0.001,5189,5189
"6391426",985.3,0,5189,5189
"6391634",986.3,0.001,5189,5189
"6391842",987.3,0,5189,5189
"6392050",988.4,0.001,5189,5189
"6392258",989.4,0.001,5189,5189
"6392466",990.4,0.001,5189,5189
"6392674",991.5,0.001,5189,5189
"6392882",992.5,0.001,5189,5189
"6393090",993.5,0,5189,5189
"6393298",994.5,0.001,5189,5189
"6393506",995.6,0.001,5189,5189
"6393714",996.6,0.001,5189,5189
"6393922",997.6,0.001,5189,5189
"6394130",998.6,0.002,5189,5189
"6394338",999.7,0.002,5189,5189
"6394546",1000.7,0.002,5189,5189
"6394754",1001.7,0.002,5189,5189
"6394962",1002.7,0.002,5189,5189
"6395170",1003.8,0.003,5189,5189
"6395378",1004.8,0.003,5189,5189
"6395586",1005.8,0.003,5189,5189
"6395794",1006.8,0.003,5189,5189
"6396002",1007.9,0.003,5189,5189
"6396210",1008.9,0.003,5189,5189
"6396418",1009.9,0.004,5189,5189
"6396626",1010.9,0.004,5189,5189
"6396834",1012,0.004,5189,5189
"6397042",1013,0.005,5189,5189
"6397250",1014,0.005,5189,5189
"6397458",1015,0.006,5189,5189
"6397666",1016.1,0.006,5189,5189
"6397874",1017.1,0.006,5189,5189
"6398082",1018.1,0.006,5189,5189
"6398290",1019.1,0.007,5189,5189
"6398498",1020.2,0.007,5189,5189
"6398706",1021.2,0.008,5189,5189
"6398914",1022.2,0.008,5189,5189
"6399122",1023.3,0.01,5189,5189
"6399330",1024.3,0.011,5189,5189
"6399538",1025.3,0.012,5189,5189
"6399746",1026.3,0.011,5189,5189
"6399954",1027.4,0.011,5189,5189
"6400162",1028.4,0.012,5189,5189
"6400370",1029.4,0.013,5189,5189
"6400578",1030.4,0.015,5189,5189
"6400786",1031.5,0.016,5189,5189
"6400994",1032.5,0.016,5189,5189
"6401202",1033.5,0.017,5189,5189
"6401410",1034.5,0.017,5189,5189
"6401618",1035.6,0.019,5189,5189
"6401826",1036.6,0.02,5189,5189
"6402034",1037.6,0.021,5189,5189
"6402242",1038.6,0.022,5189,5189
"6402450",1039.7,0.024,5189,5189
"6402658",1040.7,0.026,5189,5189
"6402866",1041.7,0.028,5189,5189
"6403074",1042.7,0.031,5189,5189
"6403282",1043.8,0.034,5189,5189
"6403490",1044.8,0.038,5189,5189
"6403698",1045.8,0.041,5189,5189
"6403906",1046.8,0.045,5189,5189
"6404114",1047.9,0.05,5189,5189
"6404322",1048.9,0.055,5189,5189
"6404530",1049.9,0.062,5189,5189
"6404738",1051,0.07,5189,5189
"6404946",1052,0.082,5189,5189
"6405154",1053,0.098,5189,5189
"6405362",1054,0.118,5189,5189
"6405570",1055.1,0.15,5189,5189
"6405778",1056.1,0.196,5189,5189
"6405986",1057.1,0.259,5189,5189
"6406194",1058.1,0.348,5189,5189
"6406402",1059.2,0.437,5189,5189
"6406610",1060.2,0.536,5189,5189
"6406818",1061.2,0.611,5189,5189
"6407026",1062.2,0.65,5189,5189
"6407234",1063.3,0.639,5189,5189
"6407442",1064.3,0.579,5189,5189
"6407650",1065.3,0.49,5189,5189
"6407858",1066.3,0.379,5189,5189
"6408066",1067.4,0.291,5189,5189
"6408274",1068.4,0.214,5189,5189
"6408482",1069.4,0.164,5189,5189
"6408690",1070.4,0.132,5189,5189
"6408898",1071.5,0.11,5189,5189
"6409106",1072.5,0.097,5189,5189
"6409314",1073.5,0.09,5189,5189
"6409522",1074.5,0.085,5189,5189
"6409730",1075.6,0.083,5189,5189
"6409938",1076.6,0.081,5189,5189
"6410146",1077.6,0.08,5189,5189
"6410354",1078.7,0.078,5189,5189
"6410562",1079.7,0.078,5189,5189
"6410770",1080.7,0.076,5189,5189
"6410978",1081.7,0.074,5189,5189
"6411186",1082.8,0.072,5189,5189
"6411394",1083.8,0.071,5189,5189
"6411602",1084.8,0.069,5189,5189
"6411810",1085.8,0.066,5189,5189
"6412018",1086.9,0.064,5189,5189
"6412226",1087.9,0.061,5189,5189
"6412434",1088.9,0.06,5189,5189
"6412642",1089.9,0.057,5189,5189
"6412850",1091,0.054,5189,5189
"6413058",1092,0.051,5189,5189
"6413266",1093,0.049,5189,5189
"6413474",1094,0.045,5189,5189
"6413682",1095.1,0.043,5189,5189
"6413890",1096.1,0.041,5189,5189
"6414098",1097.1,0.039,5189,5189
"6414306",1098.1,0.038,5189,5189
"6414514",1099.2,0.037,5189,5189
"6414722",1100.2,0.037,5189,5189
"6414930",1101.2,0.036,5189,5189
"6415138",1102.2,0.036,5189,5189
"6415346",1103.3,0.037,5189,5189
"6415554",1104.3,0.037,5189,5189
"6415762",1105.3,0.039,5189,5189
"6415970",1106.4,0.041,5189,5189
"6416178",1107.4,0.044,5189,5189
"6416386",1108.4,0.046,5189,5189
"6416594",1109.4,0.048,5189,5189
"6416802",1110.5,0.051,5189,5189
"6417010",1111.5,0.055,5189,5189
"6417218",1112.5,0.059,5189,5189
"6417426",1113.5,0.064,5189,5189
"6417634",1114.6,0.072,5189,5189
"6417842",1115.6,0.08,5189,5189
"6418050",1116.6,0.089,5189,5189
"6418258",1117.6,0.104,5189,5189
"6418466",1118.7,0.119,5189,5189
"6418674",1119.7,0.14,5189,5189
"6418882",1120.7,0.168,5189,5189
"6419090",1121.7,0.202,5189,5189
"6419298",1122.8,0.248,5189,5189
"6419506",1123.8,0.314,5189,5189
"6419714",1124.8,0.39,5189,5189
"6419922",1125.8,0.487,5189,5189
"6420130",1126.9,0.576,5189,5189
"6420338",1127.9,0.648,5189,5189
"6420546",1128.9,0.683,5189,5189
"6420754",1129.9,0.672,5189,5189
"6420962",1131,0.613,5189,5189
"6421170",1132,0.52,5189,5189
"6421378",1133,0.425,5189,5189
"6421586",1134,0.327,5189,5189
"6421794",1135.1,0.25,5189,5189
"6422002",1136.1,0.192,5189,5189
"6422210",1137.1,0.147,5189,5189
"6422418",1138.2,0.118,5189,5189
"6422626",1139.2,0.093,5189,5189
"6422834",1140.2,0.075,5189,5189
"6423042",1141.2,0.063,5189,5189
"6423250",1142.3,0.053,5189,5189
"6423458",1143.3,0.044,5189,5189
"6423666",1144.3,0.037,5189,5189
"6423874",1145.3,0.031,5189,5189
"6424082",1146.4,0.026,5189,5189
"6424290",1147.4,0.021,5189,5189
"6424498",1148.4,0.018,5189,5189
"6424706",1149.4,0.015,5189,5189
"6424914",1150.5,0.011,5189,5189
"6425122",1151.5,0.009,5189,5189
"6425330",1152.5,0.007,5189,5189
"6425538",1153.5,0.005,5189,5189
"6425746",1154.6,0.004,5189,5189
"6425954",1155.6,0.003,5189,5189
"6426162",1156.6,0.002,5189,5189
"6426370",1157.6,0.001,5189,5189
"6426578",1158.7,0.001,5189,5189
"6426786",1159.7,0.001,5189,5189
"6426994",1160.7,0.002,5189,5189
"6427202",1161.7,0.003,5189,5189
"6427410",1162.8,0.005,5189,5189
"6427618",1163.8,0.009,5189,5189
"6427826",1164.8,0.016,5189,5189
"6428034",1165.9,0.025,5189,5189
"6428242",1166.9,0.04,5189,5189
"6428450",1167.9,0.054,5189,5189
"6428658",1168.9,0.068,5189,5189
"6428866",1170,0.074,5189,5189
"6429074",1171,0.071,5189,5189
"6429282",1172,0.06,5189,5189
"6429490",1173,0.046,5189,5189
"6429698",1174.1,0.033,5189,5189
"6429906",1175.1,0.022,5189,5189
"6430114",1176.1,0.015,5189,5189
"6430322",1177.1,0.009,5189,5189
"6430530",1178.2,0.007,5189,5189
"6430738",1179.2,0.004,5189,5189
"6430946",1180.2,0.003,5189,5189
"6431154",1181.2,0.002,5189,5189
"6431362",1182.3,0.002,5189,5189
"6431570",1183.3,0.001,5189,5189
"6431778",1184.3,0.001,5189,5189
"6431986",1185.3,0.001,5189,5189
"6432194",1186.4,0,5189,5189
"6432402",1187.4,0,5189,5189
"6432610",1188.4,0,5189,5189
"6432818",1189.4,0,5189,5189
"6433026",1190.5,0.001,5189,5189
"6433234",1191.5,0.001,5189,5189
"6433442",1192.5,0.001,5189,5189
"6433650",1193.6,0.001,5189,5189
"6433858",1194.6,0.001,5189,5189
"6434066",1195.6,0.001,5189,5189
"6434274",1196.6,0,5189,5189
"6434482",1197.7,0.001,5189,5189
"6434690",1198.7,0.001,5189,5189
"6434898",1199.7,0.001,5189,5189
"6435106",1200.7,0,5189,5189
"6435314",1201.8,0.001,5189,5189
"6435522",1202.8,0,5189,5189
"6435730",1203.8,0,5189,5189
"6435938",1204.8,0.001,5189,5189
"6436146",1205.9,0.001,5189,5189
"6436354",1206.9,0.001,5189,5189
"6436562",1207.9,0.001,5189,5189
"6436770",1208.9,0.001,5189,5189
"6436978",1210,0.001,5189,5189
"6437186",1211,0.001,5189,5189
"6437394",1212,0.001,5189,5189
"6437602",1213,0.001,5189,5189
"6437810",1214.1,0.001,5189,5189
"6438018",1215.1,0.001,5189,5189
"6438226",1216.1,0.001,5189,5189
"6438434",1217.1,0.001,5189,5189
"6438642",1218.2,0.001,5189,5189
"6438850",1219.2,0.001,5189,5189
"6439058",1220.2,0.001,5189,5189
"6439266",1221.3,0.001,5189,5189
"6439474",1222.3,0.001,5189,5189
"6439682",1223.3,0.001,5189,5189
"6439890",1224.3,0,5189,5189
"6440098",1225.4,0.001,5189,5189
"6440306",1226.4,0.001,5189,5189
"6440514",1227.4,0.001,5189,5189
"6440722",1228.4,0.001,5189,5189
"6440930",1229.5,0.001,5189,5189
"6441138",1230.5,0.001,5189,5189
"6441346",1231.5,0.002,5189,5189
"6441554",1232.5,0.002,5189,5189
"6441762",1233.6,0.002,5189,5189
"6441970",1234.6,0.001,5189,5189
"6442178",1235.6,0.001,5189,5189
"6442386",1236.6,0.001,5189,5189
"6442594",1237.7,0.001,5189,5189
"6442802",1238.7,0.001,5189,5189
"6443010",1239.7,0.001,5189,5189
"6443218",1240.7,0.001,5189,5189
"6443426",1241.8,0.001,5189,5189
"6443634",1242.8,0.001,5189,5189
"6443842",1243.8,0.002,5189,5189
"6444050",1244.8,0.003,5189,5189
"6444258",1245.9,0.004,5189,5189
"6444466",1246.9,0.004,5189,5189
"6444674",1247.9,0.005,5189,5189
"6444882",1248.9,0.005,5189,5189
"6445090",1250,0.006,5189,5189
"6445298",1251,0.007,5189,5189
"6445506",1252,0.007,5189,5189
"6445714",1253.1,0.008,5189,5189
"6445922",1254.1,0.009,5189,5189
"6446130",1255.1,0.011,5189,5189
"6446338",1256.1,0.012,5189,5189
"6446546",1257.2,0.014,5189,5189
"6446754",1258.2,0.016,5189,5189
"6446962",1259.2,0.018,5189,5189
"6447170",1260.2,0.02,5189,5189
"6447378",1261.3,0.022,5189,5189
"6447586",1262.3,0.024,5189,5189
"6447794",1263.3,0.026,5189,5189
"6448002",1264.3,0.029,5189,5189
"6448210",1265.4,0.031,5189,5189
"6448418",1266.4,0.033,5189,5189
"6448626",1267.4,0.034,5189,5189
"6448834",1268.4,0.036,5189,5189
"6449042",1269.5,0.038,5189,5189
"6449250",1270.5,0.039,5189,5189
"6449458",1271.5,0.04,5189,5189
"6449666",1272.5,0.041,5189,5189
"6449874",1273.6,0.042,5189,5189
"6450082",1274.6,0.042,5189,5189
"6450290",1275.6,0.043,5189,5189
"6450498",1276.6,0.045,5189,5189
"6450706",1277.7,0.047,5189,5189
"6450914",1278.7,0.049,5189,5189
"6451122",1279.7,0.053,5189,5189
"6451330",1280.8,0.058,5189,5189
"6451538",1281.8,0.064,5189,5189
"6451746",1282.8,0.07,5189,5189
"6451954",1283.8,0.079,5189,5189
"6452162",1284.9,0.088,5189,5189
"6452370",1285.9,0.102,5189,5189
"6452578",1286.9,0.121,5189,5189
"6452786",1287.9,0.146,5189,5189
"6452994",1289,0.189,5189,5189
"6453202",1290,0.267,5189,5189
"6453410",1291,0.388,5189,5189
"6453618",1292,0.587,5189,5189
"6453826",1293.1,0.789,5189,5189
"6454034",1294.1,0.954,5189,5189
"6454242",1295.1,1,5189,5189
"6454450",1296.1,0.915,5189,5189
"6454658",1297.2,0.738,5189,5189
"6454866",1298.2,0.533,5189,5189
"6455074",1299.2,0.388,5189,5189
"6455282",1300.2,0.281,5189,5189
"6455490",1301.3,0.225,5189,5189
"6455698",1302.3,0.19,5189,5189
"6455906",1303.3,0.168,5189,5189
"6456114",1304.3,0.153,5189,5189
"6456322",1305.4,0.14,5189,5189
"6456530",1306.4,0.128,5189,5189
"6456738",1307.4,0.119,5189,5189
"6456946",1308.5,0.108,5189,5189
"6457154",1309.5,0.101,5189,5189
"6457362",1310.5,0.094,5189,5189
"6457570",1311.5,0.086,5189,5189
"6457778",1312.6,0.081,5189,5189
"6457986",1313.6,0.074,5189,5189
"6458194",1314.6,0.067,5189,5189
"6458402",1315.6,0.06,5189,5189
"6458610",1316.7,0.054,5189,5189
"6458818",1317.7,0.05,5189,5189
"6459026",1318.7,0.045,5189,5189
"6459234",1319.7,0.04,5189,5189
"6459442",1320.8,0.037,5189,5189
"6459650",1321.8,0.033,5189,5189
"6459858",1322.8,0.031,5189,5189
"6460066",1323.8,0.028,5189,5189
"6460274",1324.9,0.026,5189,5189
"6460482",1325.9,0.023,5189,5189
"6460690",1326.9,0.02,5189,5189
"6460898",1327.9,0.018,5189,5189
"6461106",1329,0.016,5189,5189
"6461314",1330,0.014,5189,5189
"6461522",1331,0.011,5189,5189
"6461730",1332,0.009,5189,5189
"6461938",1333.1,0.007,5189,5189
"6462146",1334.1,0.006,5189,5189
"6462354",1335.1,0.005,5189,5189
"6462562",1336.2,0.004,5189,5189
"6462770",1337.2,0.004,5189,5189
"6462978",1338.2,0.004,5189,5189
"6463186",1339.2,0.004,5189,5189
"6463394",1340.3,0.003,5189,5189
"6463602",1341.3,0.003,5189,5189
"6463810",1342.3,0.002,5189,5189
"6464018",1343.3,0.002,5189,5189
"6464226",1344.4,0.002,5189,5189
"6464434",1345.4,0.001,5189,5189
"6464642",1346.4,0.001,5189,5189
"6464850",1347.4,0.001,5189,5189
"6465058",1348.5,0.001,5189,5189
"6465266",1349.5,0.001,5189,5189
"6465474",1350.5,0.001,5189,5189
"6465682",1351.5,0.001,5189,5189
"6465890",1352.6,0.001,5189,5189
"6466098",1353.6,0.001,5189,5189
"6466306",1354.6,0.001,5189,5189
"6466514",1355.6,0.001,5189,5189
"6466722",1356.7,0.002,5189,5189
"6466930",1357.7,0.003,5189,5189
"6467138",1358.7,0.005,5189,5189
"6467346",1359.7,0.007,5189,5189
"6467554",1360.8,0.009,5189,5189
"6467762",1361.8,0.011,5189,5189
"6467970",1362.8,0.015,5189,5189
"6468178",1363.8,0.019,5189,5189
"6468386",1364.9,0.024,5189,5189
"6468594",1365.9,0.03,5189,5189
"6468802",1366.9,0.035,5189,5189
"6469010",1368,0.039,5189,5189
"6469218",1369,0.042,5189,5189
"6469426",1370,0.043,5189,5189
"6469634",1371,0.041,5189,5189
"6469842",1372.1,0.036,5189,5189
"6470050",1373.1,0.031,5189,5189
"6470258",1374.1,0.024,5189,5189
"6470466",1375.1,0.019,5189,5189
"6470674",1376.2,0.015,5189,5189
"6470882",1377.2,0.011,5189,5189
"6471090",1378.2,0.008,5189,5189
"6471298",1379.2,0.006,5189,5189
"6471506",1380.3,0.005,5189,5189
"6471714",1381.3,0.003,5189,5189
"6471922",1382.3,0.002,5189,5189
"6472130",1383.3,0.001,5189,5189
"6472338",1384.4,0.001,5189,5189
"6472546",1385.4,0.001,5189,5189
"6472754",1386.4,0.001,5189,5189
"6472962",1387.4,0.001,5189,5189
"6473170",1388.5,0.001,5189,5189
"6473378",1389.5,0,5189,5189
"6473586",1390.5,0.001,5189,5189
"6473794",1391.5,0.001,5189,5189
"6474002",1392.6,0.002,5189,5189
"6474210",1393.6,0.003,5189,5189
"6474418",1394.6,0.004,5189,5189
"6474626",1395.7,0.005,5189,5189
"6474834",1396.7,0.006,5189,5189
"6475042",1397.7,0.007,5189,5189
"6475250",1398.7,0.008,5189,5189
"6475458",1399.8,0.01,5189,5189
"6475666",1400.8,0.011,5189,5189
"6475874",1401.8,0.013,5189,5189
"6476082",1402.8,0.016,5189,5189
"6476290",1403.9,0.019,5189,5189
"6476498",1404.9,0.023,5189,5189
"6476706",1405.9,0.027,5189,5189
"6476914",1406.9,0.034,5189,5189
"6477122",1408,0.04,5189,5189
"6477330",1409,0.051,5189,5189
"6477538",1410,0.064,5189,5189
"6477746",1411,0.083,5189,5189
"6477954",1412.1,0.112,5189,5189
"6478162",1413.1,0.152,5189,5189
"6478370",1414.1,0.2,5189,5189
"6478578",1415.1,0.253,5189,5189
"6478786",1416.2,0.29,5189,5189
"6478994",1417.2,0.307,5189,5189
"6479202",1418.2,0.298,5189,5189
"6479410",1419.2,0.271,5189,5189
"6479618",1420.3,0.233,5189,5189
"6479826",1421.3,0.203,5189,5189
"6480034",1422.3,0.177,5189,5189
"6480242",1423.4,0.162,5189,5189
"6480450",1424.4,0.155,5189,5189
"6480658",1425.4,0.155,5189,5189
"6480866",1426.4,0.159,5189,5189
"6481074",1427.5,0.168,5189,5189
"6481282",1428.5,0.181,5189,5189
"6481490",1429.5,0.197,5189,5189
"6481698",1430.5,0.22,5189,5189
"6481906",1431.6,0.249,5189,5189
"6482114",1432.6,0.283,5189,5189
"6482322",1433.6,0.328,5189,5189
"6482530",1434.6,0.38,5189,5189
"6482738",1435.7,0.438,5189,5189
"6482946",1436.7,0.505,5189,5189
"6483154",1437.7,0.559,5189,5189
"6483362",1438.7,0.601,5189,5189
"6483570",1439.8,0.615,5189,5189
"6483778",1440.8,0.598,5189,5189
"6483986",1441.8,0.555,5189,5189
"6484194",1442.8,0.498,5189,5189
"6484402",1443.9,0.447,5189,5189
"6484610",1444.9,0.398,5189,5189
"6484818",1445.9,0.366,5189,5189
"6485026",1446.9,0.342,5189,5189
"6485234",1448,0.324,5189,5189
"6485442",1449,0.314,5189,5189
"6485650",1450,0.306,5189,5189
"6485858",1451.1,0.303,5189,5189
"6486066",1452.1,0.301,5189,5189
"6486274",1453.1,0.303,5189,5189
"6486482",1454.1,0.306,5189,5189
"6486690",1455.2,0.311,5189,5189
"6486898",1456.2,0.318,5189,5189
"6487106",1457.2,0.323,5189,5189
"6487314",1458.2,0.328,5189,5189
"6487522",1459.3,0.331,5189,5189
"6487730",1460.3,0.333,5189,5189
"6487938",1461.3,0.33,5189,5189
"6488146",1462.3,0.325,5189,5189
"6488354",1463.4,0.317,5189,5189
"6488562",1464.4,0.306,5189,5189
"6488770",1465.4,0.292,5189,5189
"6488978",1466.4,0.273,5189,5189
"6489186",1467.5,0.255,5189,5189
"6489394",1468.5,0.233,5189,5189
"6489602",1469.5,0.211,5189,5189
"6489810",1470.5,0.191,5189,5189
"6490018",1471.6,0.169,5189,5189
"6490226",1472.6,0.149,5189,5189
"6490434",1473.6,0.132,5189,5189
"6490642",1474.6,0.115,5189,5189
"6490850",1475.7,0.102,5189,5189
"6491058",1476.7,0.091,5189,5189
"6491266",1477.7,0.081,5189,5189
"6491474",1478.7,0.073,5189,5189
"6491682",1479.8,0.065,5189,5189
"6491890",1480.8,0.059,5189,5189
"6492098",1481.8,0.054,5189,5189
"6492306",1482.9,0.049,5189,5189
"6492514",1483.9,0.045,5189,5189
"6492722",1484.9,0.041,5189,5189
"6492930",1485.9,0.037,5189,5189
"6493138",1487,0.034,5189,5189
"6493346",1488,0.031,5189,5189
"6493554",1489,0.028,5189,5189
"6493762",1490,0.026,5189,5189
"6493970",1491.1,0.023,5189,5189
"6494178",1492.1,0.022,5189,5189
"6494386",1493.1,0.02,5189,5189
"6494594",1494.1,0.018,5189,5189
"6494802",1495.2,0.016,5189,5189
"6495010",1496.2,0.015,5189,5189
"6495218",1497.2,0.014,5189,5189
"6495426",1498.2,0.013,5189,5189
"6495634",1499.3,0.012,5189,5189
"6495842",1500.3,0.012,5189,5189
"6496050",1501.3,0.01,5189,5189
"6496258",1502.3,0.009,5189,5189
"6496466",1503.4,0.008,5189,5189
"6496674",1504.4,0.007,5189,5189
"6496882",1505.4,0.007,5189,5189
"6497090",1506.4,0.006,5189,5189
"6497298",1507.5,0.006,5189,5189
"6497506",1508.5,0.004,5189,5189
"6497714",1509.5,0.004,5189,5189
"6497922",1510.6,0.003,5189,5189
"6498130",1511.6,0.003,5189,5189
"6498338",1512.6,0.002,5189,5189
"6498546",1513.6,0.002,5189,5189
"6498754",1514.7,0.002,5189,5189
"6498962",1515.7,0.003,5189,5189
"6499170",1516.7,0.003,5189,5189
"6499378",1517.7,0.002,5189,5189
"6499586",1518.8,0.002,5189,5189
"6499794",1519.8,0.002,5189,5189
"6500002",1520.8,0.002,5189,5189
"6500210",1521.8,0.001,5189,5189
"6500418",1522.9,0.001,5189,5189
"6500626",1523.9,0.001,5189,5189
"6500834",1524.9,0.001,5189,5189
"6501042",1525.9,0.001,5189,5189
"6501250",1527,0.001,5189,5189
"6501458",1528,0.001,5189,5189
"6501666",1529,0.001,5189,5189
"6501874",1530,0.001,5189,5189
"6502082",1531.1,0.001,5189,5189
"6502290",1532.1,0.001,5189,5189
"6502498",1533.1,0.001,5189,5189
"6502706",1534.1,0.001,5189,5189
"6502914",1535.2,0.001,5189,5189
"6503122",1536.2,0.001,5189,5189
"6503330",1537.2,0.001,5189,5189
"6503538",1538.3,0.001,5189,5189
"6503746",1539.3,0.001,5189,5189
"6503954",1540.3,0.001,5189,5189
"6504162",1541.3,0.001,5189,5189
"6504370",1542.4,0.001,5189,5189
"6504578",1543.4,0.001,5189,5189
"6504786",1544.4,0.001,5189,5189
"6504994",1545.4,0.001,5189,5189
"6505202",1546.5,0.001,5189,5189
"6505410",1547.5,0.001,5189,5189
"6505618",1548.5,0.001,5189,5189
"6505826",1549.5,0.001,5189,5189
"6506034",1550.6,0.001,5189,5189
"6506242",1551.6,0.001,5189,5189
"6506450",1552.6,0.001,5189,5189
"6506658",1553.6,0.001,5189,5189
"6506866",1554.7,0.001,5189,5189
"6507074",1555.7,0.001,5189,5189
"6507282",1556.7,0.001,5189,5189
"6507490",1557.7,0.002,5189,5189
"6507698",1558.8,0.001,5189,5189
"6507906",1559.8,0.001,5189,5189
"6508114",1560.8,0.001,5189,5189
"6508322",1561.8,0.001,5189,5189
"6508530",1562.9,0.001,5189,5189
"6508738",1563.9,0.002,5189,5189
"6508946",1564.9,0.002,5189,5189
"6509154",1566,0.001,5189,5189
"6509362",1567,0.001,5189,5189
"6509570",1568,0.001,5189,5189
"6509778",1569,0.001,5189,5189
"6509986",1570.1,0.001,5189,5189
"6510194",1571.1,0.001,5189,5189
"6510402",1572.1,0.001,5189,5189
"6510610",1573.1,0.001,5189,5189
"6510818",1574.2,0.001,5189,5189
"6511026",1575.2,0.002,5189,5189
"6511234",1576.2,0.002,5189,5189
"6511442",1577.2,0.002,5189,5189
"6511650",1578.3,0.002,5189,5189
"6511858",1579.3,0.002,5189,5189
"6512066",1580.3,0.002,5189,5189
"6512274",1581.3,0.002,5189,5189
"6512482",1582.4,0.002,5189,5189
"6512690",1583.4,0.002,5189,5189
"6512898",1584.4,0.002,5189,5189
"6513106",1585.4,0.001,5189,5189
"6513314",1586.5,0.001,5189,5189
"6513522",1587.5,0.001,5189,5189
"6513730",1588.5,0.001,5189,5189
"6513938",1589.5,0.001,5189,5189
"6514146",1590.6,0.001,5189,5189
"6514354",1591.6,0.001,5189,5189
"6514562",1592.6,0.001,5189,5189
"6514770",1593.6,0.001,5189,5189
"6514978",1594.7,0.001,5189,5189
"6515186",1595.7,0.001,5189,5189
"6515394",1596.7,0.001,5189,5189
"6515602",1597.8,0.002,5189,5189
"6515810",1598.8,0.002,5189,5189
"6516018",1599.8,0.002,5189,5189
"6516226",1600.8,0.003,5189,5189
"6516434",1601.9,0.003,5189,5189
"6516642",1602.9,0.002,5189,5189
"6516850",1603.9,0.002,5189,5189
"6517058",1604.9,0.002,5189,5189
"6517266",1606,0.002,5189,5189
"6517474",1607,0.003,5189,5189
"6517682",1608,0.004,5189,5189
"6517890",1609,0.004,5189,5189
"6518098",1610.1,0.004,5189,5189
"6518306",1611.1,0.005,5189,5189
"6518514",1612.1,0.005,5189,5189
"6518722",1613.1,0.004,5189,5189
"6518930",1614.2,0.005,5189,5189
"6519138",1615.2,0.003,5189,5189
"6519346",1616.2,0.003,5189,5189
"6519554",1617.2,0.001,5189,5189
"6519762",1618.3,0.001,5189,5189
"6519970",1619.3,0.001,5189,5189
"6520178",1620.3,0.003,5189,5189
"6520386",1621.3,0.004,5189,5189
"6520594",1622.4,0.004,5189,5189
"6520802",1623.4,0.005,5189,5189
"6521010",1624.4,0.005,5189,5189
"6521218",1625.5,0.004,5189,5189
"6521426",1626.5,0.005,5189,5189
"6521634",1627.5,0.003,5189,5189
"6521842",1628.5,0.003,5189,5189
"6522050",1629.6,0.005,5189,5189
"6522258",1630.6,0.005,5189,5189
"6522466",1631.6,0.006,5189,5189
"6522674",1632.6,0.005,5189,5189
"6522882",1633.7,0.005,5189,5189
"6523090",1634.7,0.006,5189,5189
"6523298",1635.7,0.005,5189,5189
"6523506",1636.7,0.007,5189,5189
"6523714",1637.8,0.006,5189,5189
"6523922",1638.8,0.005,5189,5189
"6524130",1639.8,0.002,5189,5189
"6524338",1640.8,0.003,5189,5189
"6524546",1641.9,0.003,5189,5189
"6524754",1642.9,0.006,5189,5189
"6524962",1643.9,0.002,5189,5189
"6525170",1644.9,0.002,5189,5189
"6525378",1646,0.002,5189,5189
"6525586",1647,0.002,5189,5189
"6525794",1648,0.002,5189,5189
"6526002",1649,0.001,5189,5189
"6526210",1650.1,0.001,5189,5189
"6526418",1651.1,0.002,5189,5189
"6526626",1652.1,0.002,5189,5189
"6526834",1653.2,0.002,5189,5189
"6527042",1654.2,0,5189,5189
"6527250",1655.2,0,5189,5189
"6527458",1656.2,0,5189,5189
"6527666",1657.3,0.001,5189,5189
"6527874",1658.3,0.001,5189,5189
"6528082",1659.3,0,5189,5189
"6528290",1660.3,0,5189,5189
"6528498",1661.4,0,5189,5189
"6528706",1662.4,0,5189,5189
"6528914",1663.4,0,5189,5189
"6529122",1664.4,0,5189,5189
"6529330",1665.5,0,5189,5189
"6529538",1666.5,0.001,5189,5189
"6529746",1667.5,0.002,5189,5189
"6529954",1668.5,0,5189,5189
"6530162",1669.6,0,5189,5189
"6530370",1670.6,0,5189,5189
"6530578",1671.6,0,5189,5189
"6530786",1672.6,0.002,5189,5189
"6530994",1673.7,0.002,5189,5189
"6531202",1674.7,0.002,5189,5189
"6531410",1675.7,0.002,5189,5189
"6531618",1676.7,0.001,5189,5189
"6531826",1677.8,0,5189,5189
"6532034",1678.8,0,5189,5189
"6532242",1679.8,0,5189,5189
"6532450",1680.8,0,5189,5189
"6532658",1681.9,0,5189,5189
"6532866",1682.9,0,5189,5189
"6533074",1683.9,0,5189,5189
"6533282",1685,0,5189,5189
"6533490",1686,0,5189,5189
"6533698",1687,0,5189,5189
"6533906",1688,0,5189,5189
"6534114",1689.1,0,5189,5189
"6534322",1690.1,0,5189,5189
"6534530",1691.1,0,5189,5189
"6534738",1692.1,0,5189,5189
"6534946",1693.2,0,5189,5189
"6535154",1694.2,0,5189,5189
"6535362",1695.2,0,5189,5189
"6535570",1696.2,0,5189,5189
"6535778",1697.3,0,5189,5189
"6535986",1698.3,0,5189,5189
"6536194",1699.3,0.002,5189,5189
"6536402",1700.3,0,5189,5189
"6536610",1701.4,0,5189,5189
"6536818",1702.4,0,5189,5189
"6537026",1703.4,0,5189,5189
"6537234",1704.4,0.001,5189,5189
"6537442",1705.5,0.002,5189,5189
"6537650",1706.5,0,5189,5189
"6537858",1707.5,0,5189,5189
"6538066",1708.5,0,5189,5189
"6538274",1709.6,0,5189,5189
"6538482",1710.6,0.001,5189,5189
"6538690",1711.6,0.002,5189,5189
"6538898",1712.7,0.004,5189,5189
"6539106",1713.7,0.006,5189,5189
"6539314",1714.7,0.006,5189,5189
"6539522",1715.7,0.007,5189,5189
"6539730",1716.8,0.006,5189,5189
"6539938",1717.8,0.011,5189,5189
"6540146",1718.8,0.013,5189,5189
"6540354",1719.8,0.014,5189,5189
"6540562",1720.9,0.014,5189,5189
"6540770",1721.9,0.015,5189,5189
"6540978",1722.9,0.014,5189,5189
"6541186",1723.9,0.012,5189,5189
"6541394",1725,0.01,5189,5189
"6541602",1726,0.01,5189,5189
"6541810",1727,0.005,5189,5189
"6542018",1728,0.005,5189,5189
"6542226",1729.1,0.003,5189,5189
"6542434",1730.1,0,5189,5189
"6542642",1731.1,0,5189,5189
"6542850",1732.1,0,5189,5189
"6543058",1733.2,0,5189,5189
"6543266",1734.2,0,5189,5189
"6543474",1735.2,0,5189,5189
"6543682",1736.2,0,5189,5189
"6543890",1737.3,0,5189,5189
"6544098",1738.3,0,5189,5189
"6544306",1739.3,0,5189,5189
"6544514",1740.4,0,5189,5189
"6544722",1741.4,0,5189,5189
"6544930",1742.4,0,5189,5189
"6545138",1743.4,0,5189,5189
"6545346",1744.5,0,5189,5189
"6545554",1745.5,0,5189,5189
"6545762",1746.5,0,5189,5189
"6545970",1747.5,0,5189,5189
"6546178",1748.6,0,5189,5189
"6546386",1749.6,0,5189,5189
"6546594",1750.6,0,5189,5189
"6546802",1751.6,0,5189,5189
"6547010",1752.7,0,5189,5189
"6547218",1753.7,0,5189,5189
"6547426",1754.7,0,5189,5189
"6547634",1755.7,0,5189,5189
"6547842",1756.8,0,5189,5189
"6548050",1757.8,0,5189,5189
"6548258",1758.8,0,5189,5189
"6548466",1759.8,0,5189,5189
"6548674",1760.9,0,5189,5189
"6548882",1761.9,0,5189,5189
"6549090",1762.9,0,5189,5189
"6549298",1763.9,0,5189,5189
"6549506",1765,0,5189,5189
"6549714",1766,0,5189,5189
"6549922",1767,0,5189,5189
"6550130",1768.1,0,5189,5189
"6550338",1769.1,0,5189,5189
"6550546",1770.1,0,5189,5189
"6550754",1771.1,0,5189,5189
"6550962",1772.2,0,5189,5189
"6551170",1773.2,0,5189,5189
"6551378",1774.2,0,5189,5189
"6551586",1775.2,0,5189,5189
"6551794",1776.3,0,5189,5189
"6552002",1777.3,0,5189,5189
"6552210",1778.3,0,5189,5189
"6552418",1779.3,0,5189,5189
"6552626",1780.4,0,5189,5189
"6552834",1781.4,0,5189,5189
"6553042",1782.4,0,5189,5189
"6553250",1783.4,0,5189,5189
"6553458",1784.5,0,5189,5189
"6553666",1785.5,0,5189,5189
"6553874",1786.5,0,5189,5189
"6554082",1787.5,0,5189,5189
"6554290",1788.6,0,5189,5189
"6554498",1789.6,0,5189,5189
"6554706",1790.6,0,5189,5189
"6554914",1791.6,0,5189,5189
"6555122",1792.7,0,5189,5189
"6555330",1793.7,0,5189,5189
"6555538",1794.7,0,5189,5189
"6555746",1795.7,0,5189,5189
"6555954",1796.8,0,5189,5189
"6556162",1797.8,0,5189,5189
"6556370",1798.8,0,5189,5189
"6556578",1799.9,0,5189,5189
"6556786",1800.9,0,5189,5189
"6556994",1801.9,0,5189,5189
"6557202",1802.9,0,5189,5189
"6557410",1804,0,5189,5189
"6557618",1805,0,5189,5189
"6557826",1806,0,5189,5189
"6558034",1807,0,5189,5189
"6558242",1808.1,0,5189,5189
"6558450",1809.1,0,5189,5189
"6558658",1810.1,0,5189,5189
"6558866",1811.1,0,5189,5189
"6559074",1812.2,0,5189,5189
"6559282",1813.2,0,5189,5189
"6559490",1814.2,0,5189,5189
"6559698",1815.2,0,5189,5189
"6559906",1816.3,0,5189,5189
"6560114",1817.3,0,5189,5189
"6560322",1818.3,0,5189,5189
"6560530",1819.3,0,5189,5189
"6560738",1820.4,0,5189,5189
"6560946",1821.4,0,5189,5189
"6561154",1822.4,0,5189,5189
"6561362",1823.4,0,5189,5189
"6561570",1824.5,0,5189,5189
"6561778",1825.5,0,5189,5189
"6561986",1826.5,0,5189,5189
"6562194",1827.6,0,5189,5189
"6562402",1828.6,0,5189,5189
"6562610",1829.6,0,5189,5189
"6562818",1830.6,0,5189,5189
"6563026",1831.7,0,5189,5189
"6563234",1832.7,0,5189,5189
"6563442",1833.7,0,5189,5189
"6563650",1834.7,0,5189,5189
"6563858",1835.8,0,5189,5189
"6564066",1836.8,0,5189,5189
"6564274",1837.8,0,5189,5189
"6564482",1838.8,0,5189,5189
"6564690",1839.9,0,5189,5189
"6564898",1840.9,0,5189,5189
"6565106",1841.9,0,5189,5189
"6565314",1842.9,0,5189,5189
"6565522",1844,0,5189,5189
"6565730",1845,0,5189,5189
"6565938",1846,0,5189,5189
"6566146",1847,0,5189,5189
"6566354",1848.1,0,5189,5189
"6566562",1849.1,0,5189,5189
"6566770",1850.1,0,5189,5189
"6566978",1851.1,0,5189,5189
"6567186",1852.2,0,5189,5189
"6567394",1853.2,0,5189,5189
"6567602",1854.2,0,5189,5189
"6567810",1855.3,0,5189,5189
"6568018",1856.3,0,5189,5189
"6568226",1857.3,0,5189,5189
"6568434",1858.3,0,5189,5189
"6568642",1859.4,0,5189,5189
"6568850",1860.4,0,5189,5189
"6569058",1861.4,0,5189,5189
"6569266",1862.4,0,5189,5189
"6569474",1863.5,0,5189,5189
"6569682",1864.5,0,5189,5189
"6569890",1865.5,0,5189,5189
"6570098",1866.5,0,5189,5189
"6570306",1867.6,0,5189,5189
"6570514",1868.6,0,5189,5189
"6570722",1869.6,0,5189,5189
"6570930",1870.6,0,5189,5189
"6571138",1871.7,0,5189,5189
"6571346",1872.7,0,5189,5189
"6571554",1873.7,0,5189,5189
"6571762",1874.7,0,5189,5189
"6571970",1875.8,0,5189,5189
"6572178",1876.8,0,5189,5189
"6572386",1877.8,0,5189,5189
"6572594",1878.8,0,5189,5189
"6572802",1879.9,0,5189,5189
"6573010",1880.9,0,5189,5189
"6573218",1881.9,0,5189,5189
"6573426",1883,0,5189,5189
"6573634",1884,0,5189,5189
"6573842",1885,0,5189,5189
"6574050",1886,0,5189,5189
"6574258",1887.1,0,5189,5189
"6574466",1888.1,0,5189,5189
"6574674",1889.1,0,5189,5189
"6574882",1890.1,0,5189,5189
"6575090",1891.2,0,5189,5189
"6575298",1892.2,0,5189,5189
"6575506",1893.2,0,5189,5189
"6575714",1894.2,0,5189,5189
"6575922",1895.3,0,5189,5189
"6576130",1896.3,0,5189,5189
"6576338",1897.3,0,5189,5189
"6576546",1898.3,0,5189,5189
"6576754",1899.4,0,5189,5189
"6576962",1900.4,0,5189,5189
"6577170",1901.4,0,5189,5189
"6577378",1902.4,0,5189,5189
"6577586",1903.5,0,5189,5189
"6577794",1904.5,0,5189,5189
"6578002",1905.5,0,5189,5189
"6578210",1906.5,0,5189,5189
"6578418",1907.6,0,5189,5189
"6578626",1908.6,0,5189,5189
"6578834",1909.6,0,5189,5189
"6579042",1910.6,0,5189,5189
"6579250",1911.7,0,5189,5189
"6579458",1912.7,0,5189,5189
"6579666",1913.7,0,5189,5189
"6579874",1914.8,0,5189,5189
"6580082",1915.8,0,5189,5189
"6580290",1916.8,0,5189,5189
"6580498",1917.8,0,5189,5189
"6580706",1918.9,0,5189,5189
"6580914",1919.9,0,5189,5189
"6581122",1920.9,0,5189,5189
"6581330",1921.9,0,5189,5189
"6581538",1923,0,5189,5189
"6581746",1924,0,5189,5189
"6581954",1925,0,5189,5189
"6582162",1926,0,5189,5189
"6582370",1927.1,0,5189,5189
"6582578",1928.1,0,5189,5189
"6582786",1929.1,0,5189,5189
"6582994",1930.1,0,5189,5189
"6583202",1931.2,0,5189,5189
"6583410",1932.2,0,5189,5189
"6583618",1933.2,0,5189,5189
"6583826",1934.2,0,5189,5189
"6584034",1935.3,0,5189,5189
"6584242",1936.3,0,5189,5189
"6584450",1937.3,0,5189,5189
"6584658",1938.3,0,5189,5189
"6584866",1939.4,0,5189,5189
"6585074",1940.4,0,5189,5189
"6585282",1941.4,0,5189,5189
"6585490",1942.5,0,5189,5189
"6585698",1943.5,0,5189,5189
"6585906",1944.5,0,5189,5189
"6586114",1945.5,0,5189,5189
"6586322",1946.6,0,5189,5189
"6586530",1947.6,0,5189,5189
"6586738",1948.6,0,5189,5189
"6586946",1949.6,0,5189,5189
"6587154",1950.7,0,5189,5189
"6587362",1951.7,0,5189,5189
"6587570",1952.7,0,5189,5189
"6587778",1953.7,0,5189,5189
"6587986",1954.8,0,5189,5189
"6588194",1955.8,0,5189,5189
"6588402",1956.8,0,5189,5189
"6588610",1957.8,0,5189,5189
"6588818",1958.9,0,5189,5189
"6589026",1959.9,0,5189,5189
"6589234",1960.9,0,5189,5189
"6589442",1961.9,0,5189,5189
"6589650",1963,0,5189,5189
"6589858",1964,0,5189,5189
"6590066",1965,0,5189,5189
"6590274",1966,0,5189,5189
"6590482",1967.1,0,5189,5189
"6590690",1968.1,0,5189,5189
"6590898",1969.1,0,5189,5189
"6591106",1970.2,0,5189,5189
"6591314",1971.2,0,5189,5189
"6591522",1972.2,0,5189,5189
"6591730",1973.2,0,5189,5189
"6591938",1974.3,0,5189,5189
"6592146",1975.3,0,5189,5189
"6592354",1976.3,0,5189,5189
"6592562",1977.3,0,5189,5189
"6592770",1978.4,0,5189,5189
"6592978",1979.4,0,5189,5189
"6593186",1980.4,0,5189,5189
"6593394",1981.4,0,5189,5189
"6593602",1982.5,0,5189,5189
"6593810",1983.5,0,5189,5189
"6594018",1984.5,0,5189,5189
"6594226",1985.5,0,5189,5189
"6594434",1986.6,0,5189,5189
"6594642",1987.6,0,5189,5189
"6594850",1988.6,0,5189,5189
"6595058",1989.6,0,5189,5189
"6595266",1990.7,0,5189,5189
"6595474",1991.7,0,5189,5189
"6595682",1992.7,0,5189,5189
"6595890",1993.7,0,5189,5189
"6596098",1994.8,0,5189,5189
"6596306",1995.8,0,5189,5189
"6596514",1996.8,0,5189,5189
"6596722",1997.9,0,5189,5189
"6596930",1998.9,0,5189,5189
"6597138",1999.9,0,5189,5189
"6597346",2000.9,0,5189,5189
